Title,ASIN,Price (INR),Price Strikethrough (INR),Rating,Reviews Count,Sales Volume,Is Sponsored,Is Prime,Is Amazon's Choice,URL,Image URL
"Bombay Shaving Company Beard Trimmer For Men, 2X Fast Charging, USB Type C, 2 Yr Warranty, 120Min runtime, Hair Trimmer, Shaving Machine, Cordless Beard, 38 length Settings(Black)",B098P8NRRW,827.0,1199.0,4.0,9606,6K+ bought in past month,False,True,False,https://www.amazon.in/Cordless-Trimmer-settings-Charging-Warranty/dp/B098P8NRRW/ref=sr_1_1?dib=eyJ2IjoiMSJ9.MFMfWY3-YBBoBuGZ4z3Ltzf2C5GwyjKBvkY406_f_98uSd24badsphcIVQCjxDLhKf7xYGlsBoAbxCyBjjrgaeJN11MEn3RzTaS7Sb0-UACTIRsM7Ecxe0rify3ZFvMZbnTnMCfHcqJtDrveQTI9ZLDRSr3fK6u15v1cHhAgt0Q6RHIvYBHouNFu5FQx3kAS-xjXGanvFgINiRf8mJ4qFOcEGco-nC6V7wWvhUTsq-J_TkJCAFhbkHRzI3XI_E0Z9-YWT-K3uJCo57c68HsAR0-OcYUc39qW9o6jkCiegAQ.F1iCKvo2NeGkjqadcFFV2Oew3wTnxuuo-f0rhcF3EWs&dib_tag=se&keywords=Bombay+Shaving+Company&qid=1744651992&sr=8-1,https://m.media-amazon.com/images/I/71cAYYJDZzL._AC_UL320_.jpg
"Bombay Shaving Company 11 in1 Multi Grooming Kit | All in One Full Body Trimmer for Men | 120 Min Charge time, 90 Min Runtime, Charging Indicator | IPX6 Water Proof | Nose, Ear, Beard, Body, Hair Trimmer Men",B0CHSCR7B7,2859.0,4449.0,4.0,756,1K+ bought in past month,False,True,False,https://www.amazon.in/Bombay-Shaving-Company-Indicator-Valentines/dp/B0CHSCR7B7/ref=sr_1_2?dib=eyJ2IjoiMSJ9.MFMfWY3-YBBoBuGZ4z3Ltzf2C5GwyjKBvkY406_f_98uSd24badsphcIVQCjxDLhKf7xYGlsBoAbxCyBjjrgaeJN11MEn3RzTaS7Sb0-UACTIRsM7Ecxe0rify3ZFvMZbnTnMCfHcqJtDrveQTI9ZLDRSr3fK6u15v1cHhAgt0Q6RHIvYBHouNFu5FQx3kAS-xjXGanvFgINiRf8mJ4qFOcEGco-nC6V7wWvhUTsq-J_TkJCAFhbkHRzI3XI_E0Z9-YWT-K3uJCo57c68HsAR0-OcYUc39qW9o6jkCiegAQ.F1iCKvo2NeGkjqadcFFV2Oew3wTnxuuo-f0rhcF3EWs&dib_tag=se&keywords=Bombay+Shaving+Company&qid=1744651992&sr=8-2,https://m.media-amazon.com/images/I/71xnu2fLQFL._AC_UL320_.jpg
"Bombay Shaving Company Power Play NXT Trimmer, 9 Weeks of trimming, 90 mins run time with Type C, 6 comb attachments, Self-sharpening blades | Trimmer for Men || Green",B0DR8JM1K7,599.0,1000.0,4.2,188,5K+ bought in past month,False,True,False,https://www.amazon.in/Bombay-Shaving-Company-attachments-Self-sharpening/dp/B0DR8JM1K7/ref=sr_1_3?dib=eyJ2IjoiMSJ9.MFMfWY3-YBBoBuGZ4z3Ltzf2C5GwyjKBvkY406_f_98uSd24badsphcIVQCjxDLhKf7xYGlsBoAbxCyBjjrgaeJN11MEn3RzTaS7Sb0-UACTIRsM7Ecxe0rify3ZFvMZbnTnMCfHcqJtDrveQTI9ZLDRSr3fK6u15v1cHhAgt0Q6RHIvYBHouNFu5FQx3kAS-xjXGanvFgINiRf8mJ4qFOcEGco-nC6V7wWvhUTsq-J_TkJCAFhbkHRzI3XI_E0Z9-YWT-K3uJCo57c68HsAR0-OcYUc39qW9o6jkCiegAQ.F1iCKvo2NeGkjqadcFFV2Oew3wTnxuuo-f0rhcF3EWs&dib_tag=se&keywords=Bombay+Shaving+Company&qid=1744651992&sr=8-3,https://m.media-amazon.com/images/I/7102lxnalrL._AC_UL320_.jpg
"Bombay Shaving Company 11 in 1 Trimmer Men | All in One Full Body Trimmer for Men | 90 Min Charge time | 90 mins run time | Hair, Ear, Beard, Body, Nose Trimmer for Men | Type C charging | Power Groomer (New Model)",B0D96CPM1B,1199.0,2000.0,4.0,326,1K+ bought in past month,False,True,False,https://www.amazon.in/Bombay-Shaving-Company-Trimmer-charging/dp/B0D96CPM1B/ref=sr_1_4?dib=eyJ2IjoiMSJ9.MFMfWY3-YBBoBuGZ4z3Ltzf2C5GwyjKBvkY406_f_98uSd24badsphcIVQCjxDLhKf7xYGlsBoAbxCyBjjrgaeJN11MEn3RzTaS7Sb0-UACTIRsM7Ecxe0rify3ZFvMZbnTnMCfHcqJtDrveQTI9ZLDRSr3fK6u15v1cHhAgt0Q6RHIvYBHouNFu5FQx3kAS-xjXGanvFgINiRf8mJ4qFOcEGco-nC6V7wWvhUTsq-J_TkJCAFhbkHRzI3XI_E0Z9-YWT-K3uJCo57c68HsAR0-OcYUc39qW9o6jkCiegAQ.F1iCKvo2NeGkjqadcFFV2Oew3wTnxuuo-f0rhcF3EWs&dib_tag=se&keywords=Bombay+Shaving+Company&qid=1744651992&sr=8-4,https://m.media-amazon.com/images/I/618ZwLVw3iL._AC_UL320_.jpg
"Bombay Shaving Company Power Play NXT Trimmer, 9 Weeks of trimming, 90 mins run time with Type C, 6 comb attachments, Self sharpening blades | Trimmer for Men",B0D2HFN2N1,685.0,1000.0,4.1,1596,3K+ bought in past month,False,True,False,https://www.amazon.in/Bombay-Shaving-Company-attachments-sharpening/dp/B0D2HFN2N1/ref=sr_1_5?dib=eyJ2IjoiMSJ9.MFMfWY3-YBBoBuGZ4z3Ltzf2C5GwyjKBvkY406_f_98uSd24badsphcIVQCjxDLhKf7xYGlsBoAbxCyBjjrgaeJN11MEn3RzTaS7Sb0-UACTIRsM7Ecxe0rify3ZFvMZbnTnMCfHcqJtDrveQTI9ZLDRSr3fK6u15v1cHhAgt0Q6RHIvYBHouNFu5FQx3kAS-xjXGanvFgINiRf8mJ4qFOcEGco-nC6V7wWvhUTsq-J_TkJCAFhbkHRzI3XI_E0Z9-YWT-K3uJCo57c68HsAR0-OcYUc39qW9o6jkCiegAQ.F1iCKvo2NeGkjqadcFFV2Oew3wTnxuuo-f0rhcF3EWs&dib_tag=se&keywords=Bombay+Shaving+Company&qid=1744651992&sr=8-5,https://m.media-amazon.com/images/I/71KuZWcRLcL._AC_UL320_.jpg
Bombay Shaving Company Charcoal Face Wash for Men | Anti Pollution and Brightening | Oil Control Face Wash For Men - 2 x 100g,B082L4WBMD,225.0,458.0,4.1,1340,400+ bought in past month,False,False,False,https://www.amazon.in/Bombay-Shaving-Company-Charcoal-Pollution/dp/B082L4WBMD/ref=sr_1_6_f3_0o_fs_mod_primary_alm?dib=eyJ2IjoiMSJ9.MFMfWY3-YBBoBuGZ4z3Ltzf2C5GwyjKBvkY406_f_98uSd24badsphcIVQCjxDLhKf7xYGlsBoAbxCyBjjrgaeJN11MEn3RzTaS7Sb0-UACTIRsM7Ecxe0rify3ZFvMZbnTnMCfHcqJtDrveQTI9ZLDRSr3fK6u15v1cHhAgt0Q6RHIvYBHouNFu5FQx3kAS-xjXGanvFgINiRf8mJ4qFOcEGco-nC6V7wWvhUTsq-J_TkJCAFhbkHRzI3XI_E0Z9-YWT-K3uJCo57c68HsAR0-OcYUc39qW9o6jkCiegAQ.F1iCKvo2NeGkjqadcFFV2Oew3wTnxuuo-f0rhcF3EWs&dib_tag=se&keywords=Bombay+Shaving+Company&qid=1744651992&sbo=m6DjfpMzMLDmL8pSMKX8hw==&sr=8-6,https://m.media-amazon.com/images/I/71niNu+JYlL._AC_UL320_.jpg
"Bombay Shaving Company Body Spray for Men, 150ml each (Pack of 2) - Red Spice and Black Vibe (Packaging may vary)",B09RMZGTJG,248.0,710.0,3.8,2570,100+ bought in past month,False,False,False,https://www.amazon.in/Bombay-Shaving-Company-Spray-150ml/dp/B09RMZGTJG/ref=sr_1_7?dib=eyJ2IjoiMSJ9.MFMfWY3-YBBoBuGZ4z3Ltzf2C5GwyjKBvkY406_f_98uSd24badsphcIVQCjxDLhKf7xYGlsBoAbxCyBjjrgaeJN11MEn3RzTaS7Sb0-UACTIRsM7Ecxe0rify3ZFvMZbnTnMCfHcqJtDrveQTI9ZLDRSr3fK6u15v1cHhAgt0Q6RHIvYBHouNFu5FQx3kAS-xjXGanvFgINiRf8mJ4qFOcEGco-nC6V7wWvhUTsq-J_TkJCAFhbkHRzI3XI_E0Z9-YWT-K3uJCo57c68HsAR0-OcYUc39qW9o6jkCiegAQ.F1iCKvo2NeGkjqadcFFV2Oew3wTnxuuo-f0rhcF3EWs&dib_tag=se&keywords=Bombay+Shaving+Company&qid=1744651992&sr=8-7,https://m.media-amazon.com/images/I/71vkBFt7xJL._AC_UL320_.jpg
Bombay Shaving Company Sensi Smart 3 Value Pack (Handle + 3 Blades Cartridge) | Shaving Razor for Men | Aloe Gel and Argan Oil Lubra Strip with Pivot Head,B0CQCYY1NJ,199.0,298.0,3.8,1082,2K+ bought in past month,False,False,False,https://www.amazon.in/Bombay-Shaving-Company-Handle-Cartridges/dp/B0CQCYY1NJ/ref=sr_1_8?dib=eyJ2IjoiMSJ9.MFMfWY3-YBBoBuGZ4z3Ltzf2C5GwyjKBvkY406_f_98uSd24badsphcIVQCjxDLhKf7xYGlsBoAbxCyBjjrgaeJN11MEn3RzTaS7Sb0-UACTIRsM7Ecxe0rify3ZFvMZbnTnMCfHcqJtDrveQTI9ZLDRSr3fK6u15v1cHhAgt0Q6RHIvYBHouNFu5FQx3kAS-xjXGanvFgINiRf8mJ4qFOcEGco-nC6V7wWvhUTsq-J_TkJCAFhbkHRzI3XI_E0Z9-YWT-K3uJCo57c68HsAR0-OcYUc39qW9o6jkCiegAQ.F1iCKvo2NeGkjqadcFFV2Oew3wTnxuuo-f0rhcF3EWs&dib_tag=se&keywords=Bombay+Shaving+Company&qid=1744651992&sr=8-8,https://m.media-amazon.com/images/I/71IBDNq+MPL._AC_UL320_.jpg
"Bombay Shaving Company Charcoal Shaving Foam for Men, 425g (43% Extra) | More than 100 shaves | Activated Charcoal and Moroccan Argan Oil || Prime Exclusive Foam",B0BGLGP83C,225.0,275.0,4.1,2215,1K+ bought in past month,False,False,False,https://www.amazon.in/Bombay-Shaving-Charcoal-Activated-Moroccan/dp/B0BGLGP83C/ref=sr_1_9?dib=eyJ2IjoiMSJ9.MFMfWY3-YBBoBuGZ4z3Ltzf2C5GwyjKBvkY406_f_98uSd24badsphcIVQCjxDLhKf7xYGlsBoAbxCyBjjrgaeJN11MEn3RzTaS7Sb0-UACTIRsM7Ecxe0rify3ZFvMZbnTnMCfHcqJtDrveQTI9ZLDRSr3fK6u15v1cHhAgt0Q6RHIvYBHouNFu5FQx3kAS-xjXGanvFgINiRf8mJ4qFOcEGco-nC6V7wWvhUTsq-J_TkJCAFhbkHRzI3XI_E0Z9-YWT-K3uJCo57c68HsAR0-OcYUc39qW9o6jkCiegAQ.F1iCKvo2NeGkjqadcFFV2Oew3wTnxuuo-f0rhcF3EWs&dib_tag=se&keywords=Bombay+Shaving+Company&qid=1744651992&sr=8-9,https://m.media-amazon.com/images/I/61fLIgzY8nL._AC_UL320_.jpg
"Bombay Shaving Company Premium Shaving Kit For Men | Charcoal Face Scrub, Charcoal Shaving Cream, Post Shave Balm, Neem & Charcoal Bath Soap, Face Towel | Travel Bag | Shaving Kit | Travel Kit For Men",B08LR6TF53,499.0,942.0,4.3,3351,400+ bought in past month,False,True,False,https://www.amazon.in/Bombay-Shaving-Company-Premium-Charcoal/dp/B08LR6TF53/ref=sr_1_10?dib=eyJ2IjoiMSJ9.MFMfWY3-YBBoBuGZ4z3Ltzf2C5GwyjKBvkY406_f_98uSd24badsphcIVQCjxDLhKf7xYGlsBoAbxCyBjjrgaeJN11MEn3RzTaS7Sb0-UACTIRsM7Ecxe0rify3ZFvMZbnTnMCfHcqJtDrveQTI9ZLDRSr3fK6u15v1cHhAgt0Q6RHIvYBHouNFu5FQx3kAS-xjXGanvFgINiRf8mJ4qFOcEGco-nC6V7wWvhUTsq-J_TkJCAFhbkHRzI3XI_E0Z9-YWT-K3uJCo57c68HsAR0-OcYUc39qW9o6jkCiegAQ.F1iCKvo2NeGkjqadcFFV2Oew3wTnxuuo-f0rhcF3EWs&dib_tag=se&keywords=Bombay+Shaving+Company&qid=1744651992&sr=8-10,https://m.media-amazon.com/images/I/7109Uk2qrSL._AC_UL320_.jpg
BOMBAY SHAVING COMPANY Charcoal Facewash for Men | 150g x 2 | Excess Oil Control Face Wash,B0CQR7JBL2,249.0,698.0,3.9,1561,800+ bought in past month,False,False,False,https://www.amazon.in/SHAVING-COMPANY-Charcoal-Facewash-Control/dp/B0CQR7JBL2/ref=sr_1_11?dib=eyJ2IjoiMSJ9.MFMfWY3-YBBoBuGZ4z3Ltzf2C5GwyjKBvkY406_f_98uSd24badsphcIVQCjxDLhKf7xYGlsBoAbxCyBjjrgaeJN11MEn3RzTaS7Sb0-UACTIRsM7Ecxe0rify3ZFvMZbnTnMCfHcqJtDrveQTI9ZLDRSr3fK6u15v1cHhAgt0Q6RHIvYBHouNFu5FQx3kAS-xjXGanvFgINiRf8mJ4qFOcEGco-nC6V7wWvhUTsq-J_TkJCAFhbkHRzI3XI_E0Z9-YWT-K3uJCo57c68HsAR0-OcYUc39qW9o6jkCiegAQ.F1iCKvo2NeGkjqadcFFV2Oew3wTnxuuo-f0rhcF3EWs&dib_tag=se&keywords=Bombay+Shaving+Company&qid=1744651992&sr=8-11,https://m.media-amazon.com/images/I/81IO5adc-JL._AC_UL320_.jpg
"Bombay Shaving Company Post-Shave Balm- After Shaving Lotion with Witch Hazel, Alcohol Free - 100 g | Made in India",B01N2VY8J1,201.0,395.0,4.3,5015,900+ bought in past month,False,False,False,https://www.amazon.in/Bombay-Shaving-Company-Post-Shave-After/dp/B01N2VY8J1/ref=sr_1_12_f3_0o_fs_mod_primary_alm?dib=eyJ2IjoiMSJ9.MFMfWY3-YBBoBuGZ4z3Ltzf2C5GwyjKBvkY406_f_98uSd24badsphcIVQCjxDLhKf7xYGlsBoAbxCyBjjrgaeJN11MEn3RzTaS7Sb0-UACTIRsM7Ecxe0rify3ZFvMZbnTnMCfHcqJtDrveQTI9ZLDRSr3fK6u15v1cHhAgt0Q6RHIvYBHouNFu5FQx3kAS-xjXGanvFgINiRf8mJ4qFOcEGco-nC6V7wWvhUTsq-J_TkJCAFhbkHRzI3XI_E0Z9-YWT-K3uJCo57c68HsAR0-OcYUc39qW9o6jkCiegAQ.F1iCKvo2NeGkjqadcFFV2Oew3wTnxuuo-f0rhcF3EWs&dib_tag=se&keywords=Bombay+Shaving+Company&qid=1744651992&sbo=m6DjfpMzMLDmL8pSMKX8hw==&sr=8-12,https://m.media-amazon.com/images/I/61mfhDNgIzL._AC_UL320_.jpg
Bombay Shaving Company Sensi Smart 3 Razor Cartridge | Pack Of 4 Blades,B0CCSDHJ99,225.0,249.0,4.1,285,400+ bought in past month,False,False,False,https://www.amazon.in/Bombay-Shaving-Company-Sensi-Cartridge/dp/B0CCSDHJ99/ref=sr_1_13_f3_0o_fs_mod_primary_alm?dib=eyJ2IjoiMSJ9.MFMfWY3-YBBoBuGZ4z3Ltzf2C5GwyjKBvkY406_f_98uSd24badsphcIVQCjxDLhKf7xYGlsBoAbxCyBjjrgaeJN11MEn3RzTaS7Sb0-UACTIRsM7Ecxe0rify3ZFvMZbnTnMCfHcqJtDrveQTI9ZLDRSr3fK6u15v1cHhAgt0Q6RHIvYBHouNFu5FQx3kAS-xjXGanvFgINiRf8mJ4qFOcEGco-nC6V7wWvhUTsq-J_TkJCAFhbkHRzI3XI_E0Z9-YWT-K3uJCo57c68HsAR0-OcYUc39qW9o6jkCiegAQ.F1iCKvo2NeGkjqadcFFV2Oew3wTnxuuo-f0rhcF3EWs&dib_tag=se&keywords=Bombay+Shaving+Company&qid=1744651992&sbo=m6DjfpMzMLDmL8pSMKX8hw==&sr=8-13,https://m.media-amazon.com/images/I/71fKvlL8uKL._AC_UL320_.jpg
Bombay Shaving Company Charcoal Massage Soap100g | Pack of 3,B0D3VB8ZK3,147.99,585.0,3.8,328,900+ bought in past month,False,False,False,https://www.amazon.in/Bombay-Shaving-Company-Charcoal-Soap100g/dp/B0D3VB8ZK3/ref=sr_1_14?dib=eyJ2IjoiMSJ9.MFMfWY3-YBBoBuGZ4z3Ltzf2C5GwyjKBvkY406_f_98uSd24badsphcIVQCjxDLhKf7xYGlsBoAbxCyBjjrgaeJN11MEn3RzTaS7Sb0-UACTIRsM7Ecxe0rify3ZFvMZbnTnMCfHcqJtDrveQTI9ZLDRSr3fK6u15v1cHhAgt0Q6RHIvYBHouNFu5FQx3kAS-xjXGanvFgINiRf8mJ4qFOcEGco-nC6V7wWvhUTsq-J_TkJCAFhbkHRzI3XI_E0Z9-YWT-K3uJCo57c68HsAR0-OcYUc39qW9o6jkCiegAQ.F1iCKvo2NeGkjqadcFFV2Oew3wTnxuuo-f0rhcF3EWs&dib_tag=se&keywords=Bombay+Shaving+Company&qid=1744651992&sr=8-14,https://m.media-amazon.com/images/I/71IQkuRPqjL._AC_UL320_.jpg
"Bombay Shaving Company Sensitive Shaving Foam,266 ml (33% Extra) with Aloe Vera & Oats (Aloe Vera)",B084VKT9K3,150.0,275.0,4.1,2219,300+ bought in past month,False,False,False,https://www.amazon.in/Bombay-Shaving-Company-Sensitive-Accessories/dp/B084VKT9K3/ref=sr_1_15_f3_0o_fs_mod_primary_alm?dib=eyJ2IjoiMSJ9.MFMfWY3-YBBoBuGZ4z3Ltzf2C5GwyjKBvkY406_f_98uSd24badsphcIVQCjxDLhKf7xYGlsBoAbxCyBjjrgaeJN11MEn3RzTaS7Sb0-UACTIRsM7Ecxe0rify3ZFvMZbnTnMCfHcqJtDrveQTI9ZLDRSr3fK6u15v1cHhAgt0Q6RHIvYBHouNFu5FQx3kAS-xjXGanvFgINiRf8mJ4qFOcEGco-nC6V7wWvhUTsq-J_TkJCAFhbkHRzI3XI_E0Z9-YWT-K3uJCo57c68HsAR0-OcYUc39qW9o6jkCiegAQ.F1iCKvo2NeGkjqadcFFV2Oew3wTnxuuo-f0rhcF3EWs&dib_tag=se&keywords=Bombay+Shaving+Company&qid=1744651992&sbo=m6DjfpMzMLDmL8pSMKX8hw==&sr=8-15,https://m.media-amazon.com/images/I/61BQUyBjfJL._AC_UL320_.jpg
Bombay Shaving Company Beard Pen Styler Razor for Men | Reusable Razor | Shaving Razor for Men | Pack of 3,B0CFTXWDQ3,279.0,399.0,3.8,745,2K+ bought in past month,False,False,False,https://www.amazon.in/Bombay-Shaving-Company-Styling-Reusable/dp/B0CFTXWDQ3/ref=sr_1_16?dib=eyJ2IjoiMSJ9.MFMfWY3-YBBoBuGZ4z3Ltzf2C5GwyjKBvkY406_f_98uSd24badsphcIVQCjxDLhKf7xYGlsBoAbxCyBjjrgaeJN11MEn3RzTaS7Sb0-UACTIRsM7Ecxe0rify3ZFvMZbnTnMCfHcqJtDrveQTI9ZLDRSr3fK6u15v1cHhAgt0Q6RHIvYBHouNFu5FQx3kAS-xjXGanvFgINiRf8mJ4qFOcEGco-nC6V7wWvhUTsq-J_TkJCAFhbkHRzI3XI_E0Z9-YWT-K3uJCo57c68HsAR0-OcYUc39qW9o6jkCiegAQ.F1iCKvo2NeGkjqadcFFV2Oew3wTnxuuo-f0rhcF3EWs&dib_tag=se&keywords=Bombay+Shaving+Company&qid=1744651992&sr=8-16,https://m.media-amazon.com/images/I/71g9scleulL._AC_UL320_.jpg
"Bombay Shaving Company Premium Multi Grooming Trimmer for Men | Body and Beard Trimmer for Man | Multi Styling Rotary Comb, IPX6 Waterproof, 90 Min Run Time, 2 Hrs Charge Time | 1 PC",B0CKLP826Z,1699.0,2500.0,3.6,352,100+ bought in past month,False,True,False,https://www.amazon.in/Bombay-Shaving-Company-Grooming-Waterproof/dp/B0CKLP826Z/ref=sr_1_17?dib=eyJ2IjoiMSJ9.MFMfWY3-YBBoBuGZ4z3Ltzf2C5GwyjKBvkY406_f_98uSd24badsphcIVQCjxDLhKf7xYGlsBoAbxCyBjjrgaeJN11MEn3RzTaS7Sb0-UACTIRsM7Ecxe0rify3ZFvMZbnTnMCfHcqJtDrveQTI9ZLDRSr3fK6u15v1cHhAgt0Q6RHIvYBHouNFu5FQx3kAS-xjXGanvFgINiRf8mJ4qFOcEGco-nC6V7wWvhUTsq-J_TkJCAFhbkHRzI3XI_E0Z9-YWT-K3uJCo57c68HsAR0-OcYUc39qW9o6jkCiegAQ.F1iCKvo2NeGkjqadcFFV2Oew3wTnxuuo-f0rhcF3EWs&dib_tag=se&keywords=Bombay+Shaving+Company&qid=1744651992&sr=8-17,https://m.media-amazon.com/images/I/71cuAJbEliL._AC_UL320_.jpg
Bombay Shaving Company Battery Powered Balls Trimmer For Men | Pubic Hair Trimmer and Body Groomer for Men | Private Part Trimmer Men | Waterproof (IPX6)| BALLER (New Model),B0D91S9NF1,1376.0,2000.0,3.9,283,800+ bought in past month,False,True,False,https://www.amazon.in/Bombay-Shaving-Company-Trimmer-Waterproof/dp/B0D91S9NF1/ref=sr_1_18?dib=eyJ2IjoiMSJ9.MFMfWY3-YBBoBuGZ4z3Ltzf2C5GwyjKBvkY406_f_98uSd24badsphcIVQCjxDLhKf7xYGlsBoAbxCyBjjrgaeJN11MEn3RzTaS7Sb0-UACTIRsM7Ecxe0rify3ZFvMZbnTnMCfHcqJtDrveQTI9ZLDRSr3fK6u15v1cHhAgt0Q6RHIvYBHouNFu5FQx3kAS-xjXGanvFgINiRf8mJ4qFOcEGco-nC6V7wWvhUTsq-J_TkJCAFhbkHRzI3XI_E0Z9-YWT-K3uJCo57c68HsAR0-OcYUc39qW9o6jkCiegAQ.F1iCKvo2NeGkjqadcFFV2Oew3wTnxuuo-f0rhcF3EWs&dib_tag=se&keywords=Bombay+Shaving+Company&qid=1744651992&sr=8-18,https://m.media-amazon.com/images/I/71GC7IjS2UL._AC_UL320_.jpg
"Bombay Shaving Company Charcoal and Neem Bath Soap for Men | Pack of 3,75g each",B0BN3WM5KW,119.0,297.0,3.9,3633,500+ bought in past month,False,False,False,https://www.amazon.in/Bombay-Shaving-Company-Charcoal-Neem/dp/B0BN3WM5KW/ref=sr_1_19?dib=eyJ2IjoiMSJ9.MFMfWY3-YBBoBuGZ4z3Ltzf2C5GwyjKBvkY406_f_98uSd24badsphcIVQCjxDLhKf7xYGlsBoAbxCyBjjrgaeJN11MEn3RzTaS7Sb0-UACTIRsM7Ecxe0rify3ZFvMZbnTnMCfHcqJtDrveQTI9ZLDRSr3fK6u15v1cHhAgt0Q6RHIvYBHouNFu5FQx3kAS-xjXGanvFgINiRf8mJ4qFOcEGco-nC6V7wWvhUTsq-J_TkJCAFhbkHRzI3XI_E0Z9-YWT-K3uJCo57c68HsAR0-OcYUc39qW9o6jkCiegAQ.F1iCKvo2NeGkjqadcFFV2Oew3wTnxuuo-f0rhcF3EWs&dib_tag=se&keywords=Bombay+Shaving+Company&qid=1744651992&sr=8-19,https://m.media-amazon.com/images/I/71ut31rjpuL._AC_UL320_.jpg
Bombay Shaving company Deodorant Combo - Aqua & Musk - 150ml x 2 |Deodorant for men long lasting| 300 ML (Lemon),B0DFWRM4S5,176.0,450.0,3.6,107,1K+ bought in past month,False,False,False,https://www.amazon.in/Bombay-Shaving-company-Deodorant-Combo/dp/B0DFWRM4S5/ref=sr_1_20_f3_0o_fs_mod_primary_alm?dib=eyJ2IjoiMSJ9.MFMfWY3-YBBoBuGZ4z3Ltzf2C5GwyjKBvkY406_f_98uSd24badsphcIVQCjxDLhKf7xYGlsBoAbxCyBjjrgaeJN11MEn3RzTaS7Sb0-UACTIRsM7Ecxe0rify3ZFvMZbnTnMCfHcqJtDrveQTI9ZLDRSr3fK6u15v1cHhAgt0Q6RHIvYBHouNFu5FQx3kAS-xjXGanvFgINiRf8mJ4qFOcEGco-nC6V7wWvhUTsq-J_TkJCAFhbkHRzI3XI_E0Z9-YWT-K3uJCo57c68HsAR0-OcYUc39qW9o6jkCiegAQ.F1iCKvo2NeGkjqadcFFV2Oew3wTnxuuo-f0rhcF3EWs&dib_tag=se&keywords=Bombay+Shaving+Company&qid=1744651992&sbo=m6DjfpMzMLDmL8pSMKX8hw==&sr=8-20,https://m.media-amazon.com/images/I/71EW22XzQ-L._AC_UL320_.jpg
"Bombay Shaving Company Shaving Cream with Tea Tree oil, Aloe Vera and Menthol Extracts- 100 grams | Made in India",B01NBMMJET,185.0,195.0,4.1,7427,300+ bought in past month,False,False,False,https://www.amazon.in/Bombay-Shaving-Company-Cream-100/dp/B01NBMMJET/ref=sr_1_21_f3_0o_fs_mod_primary_alm?dib=eyJ2IjoiMSJ9.MFMfWY3-YBBoBuGZ4z3Ltzf2C5GwyjKBvkY406_f_98uSd24badsphcIVQCjxDLhKf7xYGlsBoAbxCyBjjrgaeJN11MEn3RzTaS7Sb0-UACTIRsM7Ecxe0rify3ZFvMZbnTnMCfHcqJtDrveQTI9ZLDRSr3fK6u15v1cHhAgt0Q6RHIvYBHouNFu5FQx3kAS-xjXGanvFgINiRf8mJ4qFOcEGco-nC6V7wWvhUTsq-J_TkJCAFhbkHRzI3XI_E0Z9-YWT-K3uJCo57c68HsAR0-OcYUc39qW9o6jkCiegAQ.F1iCKvo2NeGkjqadcFFV2Oew3wTnxuuo-f0rhcF3EWs&dib_tag=se&keywords=Bombay+Shaving+Company&qid=1744651992&sbo=m6DjfpMzMLDmL8pSMKX8hw==&sr=8-21,https://m.media-amazon.com/images/I/71utad5ELjL._AC_UL320_.jpg
"Bombay Shaving Company Sensi Flo 6 Value Pack (Handle + 3 Blades Cartridge) | Up To 4 Months Of Shaves |World's First 6 Blade Razor for men, Trimmer Blade, Skin Guard With Aloe And Vit E Lubra Strip",B0CQQRXB74,629.0,948.0,4.0,600,400+ bought in past month,False,True,False,https://www.amazon.in/Bombay-Shaving-Company-protection-lubricating/dp/B0CQQRXB74/ref=sr_1_22_f3_0o_fs_mod_primary_alm?dib=eyJ2IjoiMSJ9.MFMfWY3-YBBoBuGZ4z3Ltzf2C5GwyjKBvkY406_f_98uSd24badsphcIVQCjxDLhKf7xYGlsBoAbxCyBjjrgaeJN11MEn3RzTaS7Sb0-UACTIRsM7Ecxe0rify3ZFvMZbnTnMCfHcqJtDrveQTI9ZLDRSr3fK6u15v1cHhAgt0Q6RHIvYBHouNFu5FQx3kAS-xjXGanvFgINiRf8mJ4qFOcEGco-nC6V7wWvhUTsq-J_TkJCAFhbkHRzI3XI_E0Z9-YWT-K3uJCo57c68HsAR0-OcYUc39qW9o6jkCiegAQ.F1iCKvo2NeGkjqadcFFV2Oew3wTnxuuo-f0rhcF3EWs&dib_tag=se&keywords=Bombay+Shaving+Company&qid=1744651992&sbo=m6DjfpMzMLDmL8pSMKX8hw==&sr=8-22,https://m.media-amazon.com/images/I/71bAvxm3w8L._AC_UL320_.jpg
"Bombay Shaving Company Valentine's Day Gift Kit For Men|Activated Charcoal Facial Kit|Charcoal Face Wash, 100 Gm, Charcoal Face Scrub, 100 Gm, Neem & Charcoal Soap, 75Gm, Charcoal Peel Off Mask, 100Gm",B07QVNT5K2,499.0,706.0,4.1,5357,50+ bought in past month,False,True,False,https://www.amazon.in/Bombay-Shaving-Company-Charcoal-Starter/dp/B07QVNT5K2/ref=sr_1_23?dib=eyJ2IjoiMSJ9.MFMfWY3-YBBoBuGZ4z3Ltzf2C5GwyjKBvkY406_f_98uSd24badsphcIVQCjxDLhKf7xYGlsBoAbxCyBjjrgaeJN11MEn3RzTaS7Sb0-UACTIRsM7Ecxe0rify3ZFvMZbnTnMCfHcqJtDrveQTI9ZLDRSr3fK6u15v1cHhAgt0Q6RHIvYBHouNFu5FQx3kAS-xjXGanvFgINiRf8mJ4qFOcEGco-nC6V7wWvhUTsq-J_TkJCAFhbkHRzI3XI_E0Z9-YWT-K3uJCo57c68HsAR0-OcYUc39qW9o6jkCiegAQ.F1iCKvo2NeGkjqadcFFV2Oew3wTnxuuo-f0rhcF3EWs&dib_tag=se&keywords=Bombay+Shaving+Company&qid=1744651992&sr=8-23,https://m.media-amazon.com/images/I/61Q5O9sR7uL._AC_UL320_.jpg
"Bombay Shaving Company Head Shaver Pro | 120 Min Charge time, 90 Min Run time, Charging Indicator | IPX6 Waterproof, 2 Years Warranty | Head Shaver for Bald Men | Hair Trimmer for Men",B0CGNHGXXH,2499.0,4999.0,3.7,279,,False,True,False,https://www.amazon.in/Bombay-Shaving-Company-Indicator-Waterproof/dp/B0CGNHGXXH/ref=sr_1_24?dib=eyJ2IjoiMSJ9.MFMfWY3-YBBoBuGZ4z3Ltzf2C5GwyjKBvkY406_f_98uSd24badsphcIVQCjxDLhKf7xYGlsBoAbxCyBjjrgaeJN11MEn3RzTaS7Sb0-UACTIRsM7Ecxe0rify3ZFvMZbnTnMCfHcqJtDrveQTI9ZLDRSr3fK6u15v1cHhAgt0Q6RHIvYBHouNFu5FQx3kAS-xjXGanvFgINiRf8mJ4qFOcEGco-nC6V7wWvhUTsq-J_TkJCAFhbkHRzI3XI_E0Z9-YWT-K3uJCo57c68HsAR0-OcYUc39qW9o6jkCiegAQ.F1iCKvo2NeGkjqadcFFV2Oew3wTnxuuo-f0rhcF3EWs&dib_tag=se&keywords=Bombay+Shaving+Company&qid=1744651992&sr=8-24,https://m.media-amazon.com/images/I/81jyhYaW1kL._AC_UL320_.jpg
Bombay Shaving Company Sensiflo 6 Razor Cartridge | Pack Of 4 Blades,B0CCSLG419,899.0,999.0,4.3,59,100+ bought in past month,False,True,False,https://www.amazon.in/Bombay-Shaving-Company-Sensiflo-Cartridge/dp/B0CCSLG419/ref=sr_1_25?dib=eyJ2IjoiMSJ9.MFMfWY3-YBBoBuGZ4z3Ltzf2C5GwyjKBvkY406_f_98uSd24badsphcIVQCjxDLhKf7xYGlsBoAbxCyBjjrgaeJN11MEn3RzTaS7Sb0-UACTIRsM7Ecxe0rify3ZFvMZbnTnMCfHcqJtDrveQTI9ZLDRSr3fK6u15v1cHhAgt0Q6RHIvYBHouNFu5FQx3kAS-xjXGanvFgINiRf8mJ4qFOcEGco-nC6V7wWvhUTsq-J_TkJCAFhbkHRzI3XI_E0Z9-YWT-K3uJCo57c68HsAR0-OcYUc39qW9o6jkCiegAQ.F1iCKvo2NeGkjqadcFFV2Oew3wTnxuuo-f0rhcF3EWs&dib_tag=se&keywords=Bombay+Shaving+Company&qid=1744651992&sr=8-25,https://m.media-amazon.com/images/I/71HtZ9o0mEL._AC_UL320_.jpg
"Bombay Shaving Company 6-In-1 Shaving & Grooming Kit For Men | Silver Metal Precision Safety Razor, Exfoliating Scrub, Shaving Cream, Post-Shave Balm, Shaving Brush & Feather Blades, 1 Count",B01M063WMW,2499.0,3125.0,4.2,1747,,False,True,False,https://www.amazon.in/Bombay-Shaving-Company-Complete-Imitation/dp/B01M063WMW/ref=sr_1_26?dib=eyJ2IjoiMSJ9.MFMfWY3-YBBoBuGZ4z3Ltzf2C5GwyjKBvkY406_f_98uSd24badsphcIVQCjxDLhKf7xYGlsBoAbxCyBjjrgaeJN11MEn3RzTaS7Sb0-UACTIRsM7Ecxe0rify3ZFvMZbnTnMCfHcqJtDrveQTI9ZLDRSr3fK6u15v1cHhAgt0Q6RHIvYBHouNFu5FQx3kAS-xjXGanvFgINiRf8mJ4qFOcEGco-nC6V7wWvhUTsq-J_TkJCAFhbkHRzI3XI_E0Z9-YWT-K3uJCo57c68HsAR0-OcYUc39qW9o6jkCiegAQ.F1iCKvo2NeGkjqadcFFV2Oew3wTnxuuo-f0rhcF3EWs&dib_tag=se&keywords=Bombay+Shaving+Company&qid=1744651992&sr=8-26,https://m.media-amazon.com/images/I/71+Qs6Ol0uL._AC_UL320_.jpg
Bombay Shaving Company Flexi Smooth Stud Razor - 5 Pcs x 2 | Disposable Razor for Men with Pivot Head | Aloe Lubra strip | Manual Shaving Razor for Men,B0CKYT587W,175.0,200.0,4.1,642,1K+ bought in past month,False,False,False,https://www.amazon.in/Bombay-Shaving-Company-Flexi-Smooth/dp/B0CKYT587W/ref=sr_1_27?dib=eyJ2IjoiMSJ9.MFMfWY3-YBBoBuGZ4z3Ltzf2C5GwyjKBvkY406_f_98uSd24badsphcIVQCjxDLhKf7xYGlsBoAbxCyBjjrgaeJN11MEn3RzTaS7Sb0-UACTIRsM7Ecxe0rify3ZFvMZbnTnMCfHcqJtDrveQTI9ZLDRSr3fK6u15v1cHhAgt0Q6RHIvYBHouNFu5FQx3kAS-xjXGanvFgINiRf8mJ4qFOcEGco-nC6V7wWvhUTsq-J_TkJCAFhbkHRzI3XI_E0Z9-YWT-K3uJCo57c68HsAR0-OcYUc39qW9o6jkCiegAQ.F1iCKvo2NeGkjqadcFFV2Oew3wTnxuuo-f0rhcF3EWs&dib_tag=se&keywords=Bombay+Shaving+Company&qid=1744651992&sr=8-27,https://m.media-amazon.com/images/I/71Y0lOs662L._AC_UL320_.jpg
"Bombay Shaving Company Activated Charcoal Peel Off Mask With 10X Detoxifying Power, Fights Pollution And De-Tans Skin For Men And Women, 100G (Pack Of 1)",B07PLXZB54,159.0,349.0,3.8,5661,1K+ bought in past month,False,False,False,https://www.amazon.in/Bombay-Shaving-Company-Charcoal-Black/dp/B07PLXZB54/ref=sr_1_28_f3_0o_fs_mod_primary_alm?dib=eyJ2IjoiMSJ9.MFMfWY3-YBBoBuGZ4z3Ltzf2C5GwyjKBvkY406_f_98uSd24badsphcIVQCjxDLhKf7xYGlsBoAbxCyBjjrgaeJN11MEn3RzTaS7Sb0-UACTIRsM7Ecxe0rify3ZFvMZbnTnMCfHcqJtDrveQTI9ZLDRSr3fK6u15v1cHhAgt0Q6RHIvYBHouNFu5FQx3kAS-xjXGanvFgINiRf8mJ4qFOcEGco-nC6V7wWvhUTsq-J_TkJCAFhbkHRzI3XI_E0Z9-YWT-K3uJCo57c68HsAR0-OcYUc39qW9o6jkCiegAQ.F1iCKvo2NeGkjqadcFFV2Oew3wTnxuuo-f0rhcF3EWs&dib_tag=se&keywords=Bombay+Shaving+Company&qid=1744651992&sbo=m6DjfpMzMLDmL8pSMKX8hw==&sr=8-28,https://m.media-amazon.com/images/I/613+yvJPfSL._AC_UL320_.jpg
Bombay Shaving Company Classic Safety Razor For Men | Gifts For Men | Double Edge Safety Razor with Metal Handle,B0DFHJJBBT,449.0,700.0,4.2,123,700+ bought in past month,False,False,False,https://www.amazon.in/Bombay-Shaving-Company-Classic-Safety/dp/B0DFHJJBBT/ref=sr_1_29?dib=eyJ2IjoiMSJ9.MFMfWY3-YBBoBuGZ4z3Ltzf2C5GwyjKBvkY406_f_98uSd24badsphcIVQCjxDLhKf7xYGlsBoAbxCyBjjrgaeJN11MEn3RzTaS7Sb0-UACTIRsM7Ecxe0rify3ZFvMZbnTnMCfHcqJtDrveQTI9ZLDRSr3fK6u15v1cHhAgt0Q6RHIvYBHouNFu5FQx3kAS-xjXGanvFgINiRf8mJ4qFOcEGco-nC6V7wWvhUTsq-J_TkJCAFhbkHRzI3XI_E0Z9-YWT-K3uJCo57c68HsAR0-OcYUc39qW9o6jkCiegAQ.F1iCKvo2NeGkjqadcFFV2Oew3wTnxuuo-f0rhcF3EWs&dib_tag=se&keywords=Bombay+Shaving+Company&qid=1744651992&sr=8-29,https://m.media-amazon.com/images/I/71v5arNzzuL._AC_UL320_.jpg
Bombay Shaving Company Silver Precision Safety Razor For Men | Gift Set For Men | Shaving Razor For Men | Gifts For Men,B01MRHQYHV,999.0,1495.0,4.0,2755,100+ bought in past month,False,True,False,https://www.amazon.in/Bombay-Shaving-Company-Precision-Feather/dp/B01MRHQYHV/ref=sr_1_30?dib=eyJ2IjoiMSJ9.MFMfWY3-YBBoBuGZ4z3Ltzf2C5GwyjKBvkY406_f_98uSd24badsphcIVQCjxDLhKf7xYGlsBoAbxCyBjjrgaeJN11MEn3RzTaS7Sb0-UACTIRsM7Ecxe0rify3ZFvMZbnTnMCfHcqJtDrveQTI9ZLDRSr3fK6u15v1cHhAgt0Q6RHIvYBHouNFu5FQx3kAS-xjXGanvFgINiRf8mJ4qFOcEGco-nC6V7wWvhUTsq-J_TkJCAFhbkHRzI3XI_E0Z9-YWT-K3uJCo57c68HsAR0-OcYUc39qW9o6jkCiegAQ.F1iCKvo2NeGkjqadcFFV2Oew3wTnxuuo-f0rhcF3EWs&dib_tag=se&keywords=Bombay+Shaving+Company&qid=1744651992&sr=8-30,https://m.media-amazon.com/images/I/51sb0o2bR0L._AC_UL320_.jpg
"Bombay Shaving Company After Shave Lotion with Turmeric and Sandalwood, 100ml (Atomizer)",B09XZ7GZYP,225.0,295.0,4.1,1533,1K+ bought in past month,False,False,False,https://www.amazon.in/Bombay-Shaving-Turmeric-Sandalwood-lotion/dp/B09XZ7GZYP/ref=sr_1_31?dib=eyJ2IjoiMSJ9.MFMfWY3-YBBoBuGZ4z3Ltzf2C5GwyjKBvkY406_f_98uSd24badsphcIVQCjxDLhKf7xYGlsBoAbxCyBjjrgaeJN11MEn3RzTaS7Sb0-UACTIRsM7Ecxe0rify3ZFvMZbnTnMCfHcqJtDrveQTI9ZLDRSr3fK6u15v1cHhAgt0Q6RHIvYBHouNFu5FQx3kAS-xjXGanvFgINiRf8mJ4qFOcEGco-nC6V7wWvhUTsq-J_TkJCAFhbkHRzI3XI_E0Z9-YWT-K3uJCo57c68HsAR0-OcYUc39qW9o6jkCiegAQ.F1iCKvo2NeGkjqadcFFV2Oew3wTnxuuo-f0rhcF3EWs&dib_tag=se&keywords=Bombay+Shaving+Company&qid=1744651992&sr=8-31,https://m.media-amazon.com/images/I/610oHO0xLjL._AC_UL320_.jpg
Bombay Shaving Company Sensi Smart 3 Razor with Cartridge (Pack of 4) || Green,B0DFYSB7MN,299.0,398.0,3.8,59,300+ bought in past month,False,False,False,https://www.amazon.in/Bombay-Shaving-Company-Sensi-Cartridge/dp/B0DFYSB7MN/ref=sr_1_32?dib=eyJ2IjoiMSJ9.MFMfWY3-YBBoBuGZ4z3Ltzf2C5GwyjKBvkY406_f_98uSd24badsphcIVQCjxDLhKf7xYGlsBoAbxCyBjjrgaeJN11MEn3RzTaS7Sb0-UACTIRsM7Ecxe0rify3ZFvMZbnTnMCfHcqJtDrveQTI9ZLDRSr3fK6u15v1cHhAgt0Q6RHIvYBHouNFu5FQx3kAS-xjXGanvFgINiRf8mJ4qFOcEGco-nC6V7wWvhUTsq-J_TkJCAFhbkHRzI3XI_E0Z9-YWT-K3uJCo57c68HsAR0-OcYUc39qW9o6jkCiegAQ.F1iCKvo2NeGkjqadcFFV2Oew3wTnxuuo-f0rhcF3EWs&dib_tag=se&keywords=Bombay+Shaving+Company&qid=1744651992&sr=8-32,https://m.media-amazon.com/images/I/71aPdjJSshL._AC_UL320_.jpg
"Bombay Shaving Company Perfume For Men, Premium Aerosol Perfume Set, 30mlx3 Perfume Gift Set, Long Lasting Fragrance Perfume Set, Musk Scent",B0BSF6XM3P,349.0,1495.0,4.0,272,100+ bought in past month,False,False,False,https://www.amazon.in/Bombay-Shaving-Company-Perfume-Fragrance/dp/B0BSF6XM3P/ref=sr_1_33_f3_0o_fs_mod_primary_alm?dib=eyJ2IjoiMSJ9.MFMfWY3-YBBoBuGZ4z3Ltzf2C5GwyjKBvkY406_f_98uSd24badsphcIVQCjxDLhKf7xYGlsBoAbxCyBjjrgaeJN11MEn3RzTaS7Sb0-UACTIRsM7Ecxe0rify3ZFvMZbnTnMCfHcqJtDrveQTI9ZLDRSr3fK6u15v1cHhAgt0Q6RHIvYBHouNFu5FQx3kAS-xjXGanvFgINiRf8mJ4qFOcEGco-nC6V7wWvhUTsq-J_TkJCAFhbkHRzI3XI_E0Z9-YWT-K3uJCo57c68HsAR0-OcYUc39qW9o6jkCiegAQ.F1iCKvo2NeGkjqadcFFV2Oew3wTnxuuo-f0rhcF3EWs&dib_tag=se&keywords=Bombay+Shaving+Company&qid=1744651992&sbo=m6DjfpMzMLDmL8pSMKX8hw==&sr=8-33,https://m.media-amazon.com/images/I/71zj84OU37L._AC_UL320_.jpg
"Bombay Shaving Company Perfume For Unisex| Tokyo Premium Fragrances For Men 100ml | Fresh & Soothing Fragrance Xtremo Scent For Men, Eau De Parfum |Pack of 1",B09ZLPXCFS,329.0,795.0,3.6,339,400+ bought in past month,False,False,False,https://www.amazon.in/Bombay-Shaving-Perfume-Parfum-TOKYO/dp/B09ZLPXCFS/ref=sr_1_34?dib=eyJ2IjoiMSJ9.MFMfWY3-YBBoBuGZ4z3Ltzf2C5GwyjKBvkY406_f_98uSd24badsphcIVQCjxDLhKf7xYGlsBoAbxCyBjjrgaeJN11MEn3RzTaS7Sb0-UACTIRsM7Ecxe0rify3ZFvMZbnTnMCfHcqJtDrveQTI9ZLDRSr3fK6u15v1cHhAgt0Q6RHIvYBHouNFu5FQx3kAS-xjXGanvFgINiRf8mJ4qFOcEGco-nC6V7wWvhUTsq-J_TkJCAFhbkHRzI3XI_E0Z9-YWT-K3uJCo57c68HsAR0-OcYUc39qW9o6jkCiegAQ.F1iCKvo2NeGkjqadcFFV2Oew3wTnxuuo-f0rhcF3EWs&dib_tag=se&keywords=Bombay+Shaving+Company&qid=1744651992&sr=8-34,https://m.media-amazon.com/images/I/61bYZYvl+BL._AC_UL320_.jpg
"Bombay Shaving Company Post-Shave Balm, After-Shave with Witch Hazel, 0% Alcohol- 45g",B07J2ZK47L,149.0,,4.4,159,400+ bought in past month,False,False,False,https://www.amazon.in/Bombay-Shaving-Company-Post-Shave-After-Shave/dp/B07J2ZK47L/ref=sr_1_35?dib=eyJ2IjoiMSJ9.MFMfWY3-YBBoBuGZ4z3Ltzf2C5GwyjKBvkY406_f_98uSd24badsphcIVQCjxDLhKf7xYGlsBoAbxCyBjjrgaeJN11MEn3RzTaS7Sb0-UACTIRsM7Ecxe0rify3ZFvMZbnTnMCfHcqJtDrveQTI9ZLDRSr3fK6u15v1cHhAgt0Q6RHIvYBHouNFu5FQx3kAS-xjXGanvFgINiRf8mJ4qFOcEGco-nC6V7wWvhUTsq-J_TkJCAFhbkHRzI3XI_E0Z9-YWT-K3uJCo57c68HsAR0-OcYUc39qW9o6jkCiegAQ.F1iCKvo2NeGkjqadcFFV2Oew3wTnxuuo-f0rhcF3EWs&dib_tag=se&keywords=Bombay+Shaving+Company&qid=1744651992&sr=8-35,https://m.media-amazon.com/images/I/61cnrRHnM9L._AC_UL320_.jpg
Bombay Shaving Company Sensi Smart 3 Razor Cartridge | Pack Of 8 Blades,B0CCSGXMBT,440.0,459.0,4.2,129,300+ bought in past month,False,False,False,https://www.amazon.in/Bombay-Shaving-Company-Sensi-Cartridge/dp/B0CCSGXMBT/ref=sr_1_36?dib=eyJ2IjoiMSJ9.MFMfWY3-YBBoBuGZ4z3Ltzf2C5GwyjKBvkY406_f_98uSd24badsphcIVQCjxDLhKf7xYGlsBoAbxCyBjjrgaeJN11MEn3RzTaS7Sb0-UACTIRsM7Ecxe0rify3ZFvMZbnTnMCfHcqJtDrveQTI9ZLDRSr3fK6u15v1cHhAgt0Q6RHIvYBHouNFu5FQx3kAS-xjXGanvFgINiRf8mJ4qFOcEGco-nC6V7wWvhUTsq-J_TkJCAFhbkHRzI3XI_E0Z9-YWT-K3uJCo57c68HsAR0-OcYUc39qW9o6jkCiegAQ.F1iCKvo2NeGkjqadcFFV2Oew3wTnxuuo-f0rhcF3EWs&dib_tag=se&keywords=Bombay+Shaving+Company&qid=1744651992&sr=8-36,https://m.media-amazon.com/images/I/71uLbE8jC+L._AC_UL320_.jpg
Bombay Shaving Company Perfum For Unisex| Mexico Premium Fragrances For Men 100ml | Perfume for men long lasting smell |Pack of 1 (100 ml (Pack of 1)),B09KTNPSZL,349.0,795.0,4.0,743,400+ bought in past month,False,False,False,https://www.amazon.in/Bombay-Shaving-Company-Perfume-Fragrance/dp/B09KTNPSZL/ref=sr_1_37?dib=eyJ2IjoiMSJ9.MFMfWY3-YBBoBuGZ4z3Ltzf2C5GwyjKBvkY406_f_98uSd24badsphcIVQCjxDLhKf7xYGlsBoAbxCyBjjrgaeJN11MEn3RzTaS7Sb0-UACTIRsM7Ecxe0rify3ZFvMZbnTnMCfHcqJtDrveQTI9ZLDRSr3fK6u15v1cHhAgt0Q6RHIvYBHouNFu5FQx3kAS-xjXGanvFgINiRf8mJ4qFOcEGco-nC6V7wWvhUTsq-J_TkJCAFhbkHRzI3XI_E0Z9-YWT-K3uJCo57c68HsAR0-OcYUc39qW9o6jkCiegAQ.F1iCKvo2NeGkjqadcFFV2Oew3wTnxuuo-f0rhcF3EWs&dib_tag=se&keywords=Bombay+Shaving+Company&qid=1744651992&sr=8-37,https://m.media-amazon.com/images/I/71gIjZja+pL._AC_UL320_.jpg
"Bombay Shaving Company Charcoal Face Wash, Fights Pollution and Acne, Oil Control For Men & Women - 100g",B07NP1J4KL,119.0,229.0,4.1,3291,300+ bought in past month,False,False,False,https://www.amazon.in/Bombay-Shaving-Company-Charcoal-Black/dp/B07NP1J4KL/ref=sr_1_38_f3_0o_fs_mod_primary_alm?dib=eyJ2IjoiMSJ9.MFMfWY3-YBBoBuGZ4z3Ltzf2C5GwyjKBvkY406_f_98uSd24badsphcIVQCjxDLhKf7xYGlsBoAbxCyBjjrgaeJN11MEn3RzTaS7Sb0-UACTIRsM7Ecxe0rify3ZFvMZbnTnMCfHcqJtDrveQTI9ZLDRSr3fK6u15v1cHhAgt0Q6RHIvYBHouNFu5FQx3kAS-xjXGanvFgINiRf8mJ4qFOcEGco-nC6V7wWvhUTsq-J_TkJCAFhbkHRzI3XI_E0Z9-YWT-K3uJCo57c68HsAR0-OcYUc39qW9o6jkCiegAQ.F1iCKvo2NeGkjqadcFFV2Oew3wTnxuuo-f0rhcF3EWs&dib_tag=se&keywords=Bombay+Shaving+Company&qid=1744651992&sbo=m6DjfpMzMLDmL8pSMKX8hw==&sr=8-38,https://m.media-amazon.com/images/I/71rpOKFBWSL._AC_UL320_.jpg
"Bombay Shaving Company Turmeric Shaving Foam,266 ml (33% Extra) with Turmeric & Sandalwood",B084VKRZSW,213.0,295.0,4.0,3325,300+ bought in past month,False,False,False,https://www.amazon.in/Bombay-Shaving-Company-Turmeric-Accessories/dp/B084VKRZSW/ref=sr_1_39_f3_0o_fs_mod_primary_alm?dib=eyJ2IjoiMSJ9.MFMfWY3-YBBoBuGZ4z3Ltzf2C5GwyjKBvkY406_f_98uSd24badsphcIVQCjxDLhKf7xYGlsBoAbxCyBjjrgaeJN11MEn3RzTaS7Sb0-UACTIRsM7Ecxe0rify3ZFvMZbnTnMCfHcqJtDrveQTI9ZLDRSr3fK6u15v1cHhAgt0Q6RHIvYBHouNFu5FQx3kAS-xjXGanvFgINiRf8mJ4qFOcEGco-nC6V7wWvhUTsq-J_TkJCAFhbkHRzI3XI_E0Z9-YWT-K3uJCo57c68HsAR0-OcYUc39qW9o6jkCiegAQ.F1iCKvo2NeGkjqadcFFV2Oew3wTnxuuo-f0rhcF3EWs&dib_tag=se&keywords=Bombay+Shaving+Company&qid=1744651992&sbo=m6DjfpMzMLDmL8pSMKX8hw==&sr=8-39,https://m.media-amazon.com/images/I/61Puug5XqRL._AC_UL320_.jpg
"Bombay Shaving Company Charcoal Face Scrub with Black Sand, Exfoliates skins & Removes Black Heads, Black, 100 g",B07PH5BCXL,200.0,299.0,4.1,1422,50+ bought in past month,False,False,False,https://www.amazon.in/Bombay-Shaving-Company-Charcoal-Scrub/dp/B07PH5BCXL/ref=sr_1_40?dib=eyJ2IjoiMSJ9.MFMfWY3-YBBoBuGZ4z3Ltzf2C5GwyjKBvkY406_f_98uSd24badsphcIVQCjxDLhKf7xYGlsBoAbxCyBjjrgaeJN11MEn3RzTaS7Sb0-UACTIRsM7Ecxe0rify3ZFvMZbnTnMCfHcqJtDrveQTI9ZLDRSr3fK6u15v1cHhAgt0Q6RHIvYBHouNFu5FQx3kAS-xjXGanvFgINiRf8mJ4qFOcEGco-nC6V7wWvhUTsq-J_TkJCAFhbkHRzI3XI_E0Z9-YWT-K3uJCo57c68HsAR0-OcYUc39qW9o6jkCiegAQ.F1iCKvo2NeGkjqadcFFV2Oew3wTnxuuo-f0rhcF3EWs&dib_tag=se&keywords=Bombay+Shaving+Company&qid=1744651992&sr=8-40,https://m.media-amazon.com/images/I/61c6GgamfhL._AC_UL320_.jpg
"Bombay Shaving Company Turmeric Shaving Foam (Pack of 2),266 ml (33% Extra) with Turmeric & Sandalwood",B086WW34V5,474.0,590.0,4.1,272,50+ bought in past month,False,False,False,https://www.amazon.in/Bombay-Shaving-Company-Sandalwood-Protection/dp/B086WW34V5/ref=sr_1_41?dib=eyJ2IjoiMSJ9.MFMfWY3-YBBoBuGZ4z3Ltzf2C5GwyjKBvkY406_f_98uSd24badsphcIVQCjxDLhKf7xYGlsBoAbxCyBjjrgaeJN11MEn3RzTaS7Sb0-UACTIRsM7Ecxe0rify3ZFvMZbnTnMCfHcqJtDrveQTI9ZLDRSr3fK6u15v1cHhAgt0Q6RHIvYBHouNFu5FQx3kAS-xjXGanvFgINiRf8mJ4qFOcEGco-nC6V7wWvhUTsq-J_TkJCAFhbkHRzI3XI_E0Z9-YWT-K3uJCo57c68HsAR0-OcYUc39qW9o6jkCiegAQ.F1iCKvo2NeGkjqadcFFV2Oew3wTnxuuo-f0rhcF3EWs&dib_tag=se&keywords=Bombay+Shaving+Company&qid=1744651992&sr=8-41,https://m.media-amazon.com/images/I/71Cuy04QibL._AC_UL320_.jpg
"Bombay Shaving Company Balls Trimmer For Men | Pubic Hair Trimmer and Body Groomer for Men | Private Part Trimmer For Men, Waterproof (IPX7), Cordless, LED Display, LED Torch, Safe Ceramic Blades, Dock Charging | LANDSCAPER 2.0 (Black)",B0BXF1LCH5,1779.0,4599.0,4.1,334,50+ bought in past month,False,True,False,https://www.amazon.in/Bombay-Shaving-Waterproof-Cordless-LANDSCAPER/dp/B0BXF1LCH5/ref=sr_1_42?dib=eyJ2IjoiMSJ9.MFMfWY3-YBBoBuGZ4z3Ltzf2C5GwyjKBvkY406_f_98uSd24badsphcIVQCjxDLhKf7xYGlsBoAbxCyBjjrgaeJN11MEn3RzTaS7Sb0-UACTIRsM7Ecxe0rify3ZFvMZbnTnMCfHcqJtDrveQTI9ZLDRSr3fK6u15v1cHhAgt0Q6RHIvYBHouNFu5FQx3kAS-xjXGanvFgINiRf8mJ4qFOcEGco-nC6V7wWvhUTsq-J_TkJCAFhbkHRzI3XI_E0Z9-YWT-K3uJCo57c68HsAR0-OcYUc39qW9o6jkCiegAQ.F1iCKvo2NeGkjqadcFFV2Oew3wTnxuuo-f0rhcF3EWs&dib_tag=se&keywords=Bombay+Shaving+Company&qid=1744651992&sr=8-42,https://m.media-amazon.com/images/I/710VcWNcCzL._AC_UL320_.jpg
"Bombay Shaving Company Sensi Hair Removal Spray - 200g | Painless & Irritation Free Spray (200 ml) | For Chest, Arms, Underarms & Legs | Pleasant Smell | Hair Removal Cream Spray",B0D5RBZVRB,336.0,749.0,3.8,735,1K+ bought in past month,False,False,False,https://www.amazon.in/Bombay-Shaving-Company-Sensi-Removal/dp/B0D5RBZVRB/ref=sr_1_43_f3_0o_fs_mod_primary_alm?dib=eyJ2IjoiMSJ9.MFMfWY3-YBBoBuGZ4z3Ltzf2C5GwyjKBvkY406_f_98uSd24badsphcIVQCjxDLhKf7xYGlsBoAbxCyBjjrgaeJN11MEn3RzTaS7Sb0-UACTIRsM7Ecxe0rify3ZFvMZbnTnMCfHcqJtDrveQTI9ZLDRSr3fK6u15v1cHhAgt0Q6RHIvYBHouNFu5FQx3kAS-xjXGanvFgINiRf8mJ4qFOcEGco-nC6V7wWvhUTsq-J_TkJCAFhbkHRzI3XI_E0Z9-YWT-K3uJCo57c68HsAR0-OcYUc39qW9o6jkCiegAQ.F1iCKvo2NeGkjqadcFFV2Oew3wTnxuuo-f0rhcF3EWs&dib_tag=se&keywords=Bombay+Shaving+Company&qid=1744651992&sbo=m6DjfpMzMLDmL8pSMKX8hw==&sr=8-43,https://m.media-amazon.com/images/I/71RAHc4D2XL._AC_UL320_.jpg
"Bombay Shaving Company Beard Growth Onion Oil-10X Nourishing Oils For Stronger, Fluffier & Shinier Beard 30 ml | Made in India",B07V4SQP9M,249.0,395.0,3.9,1894,200+ bought in past month,False,False,False,https://www.amazon.in/Bombay-Shaving-Company-infused-essential/dp/B07V4SQP9M/ref=sr_1_44?dib=eyJ2IjoiMSJ9.MFMfWY3-YBBoBuGZ4z3Ltzf2C5GwyjKBvkY406_f_98uSd24badsphcIVQCjxDLhKf7xYGlsBoAbxCyBjjrgaeJN11MEn3RzTaS7Sb0-UACTIRsM7Ecxe0rify3ZFvMZbnTnMCfHcqJtDrveQTI9ZLDRSr3fK6u15v1cHhAgt0Q6RHIvYBHouNFu5FQx3kAS-xjXGanvFgINiRf8mJ4qFOcEGco-nC6V7wWvhUTsq-J_TkJCAFhbkHRzI3XI_E0Z9-YWT-K3uJCo57c68HsAR0-OcYUc39qW9o6jkCiegAQ.F1iCKvo2NeGkjqadcFFV2Oew3wTnxuuo-f0rhcF3EWs&dib_tag=se&keywords=Bombay+Shaving+Company&qid=1744651992&sr=8-44,https://m.media-amazon.com/images/I/71UL7oPoKeL._AC_UL320_.jpg
"Bombay Shaving Company Sensi Smart 3 Razor and Charcoal Shaving Foam Combo | 3 Blades Shaving Razor For Men | Charcoal Shaving Foam, 50g",B0CVQDW84V,149.0,244.0,3.9,1072,100+ bought in past month,False,False,False,https://www.amazon.in/Bombay-Shaving-Company-Charcoal-Blades/dp/B0CVQDW84V/ref=sr_1_45_f3_0o_fs_mod_primary_alm?dib=eyJ2IjoiMSJ9.MFMfWY3-YBBoBuGZ4z3Ltzf2C5GwyjKBvkY406_f_98uSd24badsphcIVQCjxDLhKf7xYGlsBoAbxCyBjjrgaeJN11MEn3RzTaS7Sb0-UACTIRsM7Ecxe0rify3ZFvMZbnTnMCfHcqJtDrveQTI9ZLDRSr3fK6u15v1cHhAgt0Q6RHIvYBHouNFu5FQx3kAS-xjXGanvFgINiRf8mJ4qFOcEGco-nC6V7wWvhUTsq-J_TkJCAFhbkHRzI3XI_E0Z9-YWT-K3uJCo57c68HsAR0-OcYUc39qW9o6jkCiegAQ.F1iCKvo2NeGkjqadcFFV2Oew3wTnxuuo-f0rhcF3EWs&dib_tag=se&keywords=Bombay+Shaving+Company&qid=1744651992&sbo=m6DjfpMzMLDmL8pSMKX8hw==&sr=8-45,https://m.media-amazon.com/images/I/613WvenhpvL._AC_UL320_.jpg
"Bombay Shaving Company Men Sensi Hair Removal Spray - 200G|Pack Of 2|Painless & Irritation Free Spray (200 Ml)|For Chest, Arms, Underarms & Legs|Pleasant Smell|Prime Exclusive",B0D9GS8852,499.0,1498.0,3.2,210,100+ bought in past month,False,True,False,https://www.amazon.in/Bombay-Shaving-Company-Sensi-Removal/dp/B0D9GS8852/ref=sr_1_46?dib=eyJ2IjoiMSJ9.MFMfWY3-YBBoBuGZ4z3Ltzf2C5GwyjKBvkY406_f_98uSd24badsphcIVQCjxDLhKf7xYGlsBoAbxCyBjjrgaeJN11MEn3RzTaS7Sb0-UACTIRsM7Ecxe0rify3ZFvMZbnTnMCfHcqJtDrveQTI9ZLDRSr3fK6u15v1cHhAgt0Q6RHIvYBHouNFu5FQx3kAS-xjXGanvFgINiRf8mJ4qFOcEGco-nC6V7wWvhUTsq-J_TkJCAFhbkHRzI3XI_E0Z9-YWT-K3uJCo57c68HsAR0-OcYUc39qW9o6jkCiegAQ.F1iCKvo2NeGkjqadcFFV2Oew3wTnxuuo-f0rhcF3EWs&dib_tag=se&keywords=Bombay+Shaving+Company&qid=1744651992&sr=8-46,https://m.media-amazon.com/images/I/71qodF09ztL._AC_UL320_.jpg
"Bombay's Shaving Companybt Milan Eau de Perfume for Men, 100ml, Limited Edition",B0DPZSBHTX,889.0,3499.0,0.0,0,,False,True,False,https://www.amazon.in/Bombays-Shaving-Companybt-Perfume-Limited/dp/B0DPZSBHTX/ref=sr_1_47?dib=eyJ2IjoiMSJ9.MFMfWY3-YBBoBuGZ4z3Ltzf2C5GwyjKBvkY406_f_98uSd24badsphcIVQCjxDLhKf7xYGlsBoAbxCyBjjrgaeJN11MEn3RzTaS7Sb0-UACTIRsM7Ecxe0rify3ZFvMZbnTnMCfHcqJtDrveQTI9ZLDRSr3fK6u15v1cHhAgt0Q6RHIvYBHouNFu5FQx3kAS-xjXGanvFgINiRf8mJ4qFOcEGco-nC6V7wWvhUTsq-J_TkJCAFhbkHRzI3XI_E0Z9-YWT-K3uJCo57c68HsAR0-OcYUc39qW9o6jkCiegAQ.F1iCKvo2NeGkjqadcFFV2Oew3wTnxuuo-f0rhcF3EWs&dib_tag=se&keywords=Bombay+Shaving+Company&qid=1744651992&sr=8-47,https://m.media-amazon.com/images/I/515x7wLjBGL._AC_UL320_.jpg
Bombay Shaving Company Shaving Alum Bar - 100g || Men,B0DPFVVVXZ,189.0,199.0,4.2,55,700+ bought in past month,False,False,False,https://www.amazon.in/Bombay-Shaving-Company-Alum-Bar/dp/B0DPFVVVXZ/ref=sr_1_48?dib=eyJ2IjoiMSJ9.MFMfWY3-YBBoBuGZ4z3Ltzf2C5GwyjKBvkY406_f_98uSd24badsphcIVQCjxDLhKf7xYGlsBoAbxCyBjjrgaeJN11MEn3RzTaS7Sb0-UACTIRsM7Ecxe0rify3ZFvMZbnTnMCfHcqJtDrveQTI9ZLDRSr3fK6u15v1cHhAgt0Q6RHIvYBHouNFu5FQx3kAS-xjXGanvFgINiRf8mJ4qFOcEGco-nC6V7wWvhUTsq-J_TkJCAFhbkHRzI3XI_E0Z9-YWT-K3uJCo57c68HsAR0-OcYUc39qW9o6jkCiegAQ.F1iCKvo2NeGkjqadcFFV2Oew3wTnxuuo-f0rhcF3EWs&dib_tag=se&keywords=Bombay+Shaving+Company&qid=1744651992&sr=8-48,https://m.media-amazon.com/images/I/71WueevB9xL._AC_UL320_.jpg
